1,1,Romance Dawn - The Dawn of the Adventure,Romansu Don - Boken no Yoake,53
2,1,"That Guy- ""Straw Hat Luffy""","Sono Otoko ""Mugiwara no Rufi""",23
3,1,Introducing Pirate Hunter Zoro,"""Kaizoku-gari no Zoro"" Tojo",21
4,1,"Marine Captain ""Axe-Hand Morgan""","Kaigun Taisa ""Onote no Mogan""",19
5,1,Pirate King and Master Swordsman,Kaizoku-O to Daikengo,19
6,1,The First,Hitorime,23
7,1,Friends,Tomodachi,20
8,1,Introducing Nami,Nami Tojo,19
9,2,The Devil Girl,Masho no Onna,21
10,2,Incident at the Tavern,Sakaba no Ikken,23
11,2,Flight,Haiso,19
12,2,Dog,Inu,19
13,2,Treasure,Takaramono,19
14,2,Reckless!!,Mubo!!,19
15,2,Gong,Gongu,19
16,2,Versus The Buggy Pirate Crew,Basasu!! Bagi Kaizokudan,17
17,2,Character,Kaku,20
18,3,The Pirate Buggy the Clown,"Kaizoku ""Doke no Bagi""",19
19,3,Devil Fruit,Akuma no Mi,19
20,3,The Way of the Thief,Dorobodo,19
21,3,Town,Machi,19
22,3,You're the Rare Breed,Anta ga Chinju,29
23,3,Captain Usopp Appears,Kyaputen Usoppu Tojo,19
24,3,Things That Can't Be Faked,Itsuwarenu Mono,19
25,3,800 Lies,Uso 800,19
26,3,Captain Kuro's Plan,Kyaputen Kuro no Ikkei,19
27,4,Plan,Suji,21
28,4,Crescent Moon,Mikazuki,19
29,4,Hill Road,Sakamichi,21
30,4,Great!!!,Gureito!!!,19
31,4,Truth,Shinjitsu,19
32,4,Disaster,Daikyo,19
33,4,The Silent Man,Otonaki Otoko,19
34,4,Klahadore the Butler,Shitsuji Kurahadoru,19
35,4,Neo Hill Road,Neo Sakamichi,19
36,5,After Them!!,Oe!!,21
37,5,"The Pirate ""Kuro of a Hundred Plans""","Kaizoku ""Hyakkei no Kuro""",19
38,5,Pirate Crew,Kaizokudan,20
39,5,For Whom the Bell Tolls,Taga Tame ni Kane wa Naru,19
40,5,The Usopp Pirates,Usoppu Kaizokudan,19
41,5,To the Sea,Umi-e,18
42,5,Yosaku and Johnny,Yosaku to Joni,19
43,5,Introducing Sanji,Sanji Tojo,19
44,5,Three Cooks,Sannin no Kokku,20
45,6,Before the Storm,Arashi Mae,18
46,6,An Uninvited Guest,Manekarezaru Kyaku,19
47,6,"Pirate Fleet Admiral ""Don Krieg""","Kaizoku Kantai Teitoku ""Don Kuriku""",19
48,6,Leave That Path Alone,Sono Koro- Yametoki na,19
49,6,Storm,Arashi,18
50,6,A Parting of Ways,Onoono ga Michi,19
51,6,Roronoa Zoro Falls Into the Sea,Roronoa Zoro Umi ni Chiru,19
52,6,The Oath,Chikai,20
53,6,Sabagashira No. 1,Sabagashira Ichi-Go,19
54,7,Pearl-san,Paru-san,19
55,7,Jungle Blood,Janguru Buraddo,19
56,7,I Refuse,Ya na Kotta,20
57,7,If You Have a Dream,Yumearu ga Yue,19
58,7,Crap-Geezer,Kuso Jiji,19
59,7,Obligation,On,19
60,7,Propriety,Kejime,19
61,7,The Demon,Oni,20
62,7,MH5,Emu-Eichi-Fuaibu,19
63,8,I Won't Die,Shinane yo,19
64,8,The Mighty Battle Spear,Daisenso,17
65,8,Prepared,Kakugo,19
66,8,The Chewed-up Spear,Kami Koroshita Yari,19
67,8,Soup,Supu,19
68,8,The Fourth,Yoninme,19
69,8,Arlong Park,Aron Paku,20
70,8,The Great Adventure of Usopp the Man,Otoko Usoppu Daiboken,21
71,8,Lords of All Creation,Banbutsu no Reicho,19
72,9,Appropriate,Bunsoo,19
73,9,Monsters of the Grand Line,"""Gurando Rain"" Kara Kita Kaibutsu",19
74,9,Business,Bijinesu,19
75,9,Of Sea Maps and Fish-Men,Kaizu to Gyojin,19
76,9,Sleep,Neru,19
77,9,The First Step Toward a Dream,Yume no Ippo,19
78,9,Bell-mere-san,Berumeru-san,19
79,9,To Live,Ikiru,19
80,9,A Crime is a Crime,Tsumi wa Tsumi,19
81,9,Tears,Namida,19
82,10,OK- Let's STAND UP!,Oke- Rettsu- Sutan Dappu!,19
83,10,Luffy in Black,Rufi In Burakku,19
84,10,Zombie,Zonbi,19
85,10,Three Sword Style vs. Six Sword Style,Santoryu tai Rokutoryu,19
86,10,Chivalry vs. Fish-Man Karate,Kishido Basasu Gyojin Karate,20
87,10,It's All Over!!,Owattanda!!,19
88,10,Die!!!,Shinde!!!,19
89,10,Trade-Off,Kotai,19
90,10,What Can You Do?,Nani ga Dekiru,19
91,11,DARTS,Datsu,19
92,11,Happiness,Shiawase,19
93,11,Going Down,Shita e Mairimasu,19
94,11,The Second,Futarime,17
95,11,Spin- Pinwheel,Maware Kazaguruma,19
96,11,Greatest Evil of the East,Higashi Ichiban no Waru,19
97,11,Sandai Kitetsu,Sandai Kitetsu,19
98,11,Dark Clouds,An'un,19
99,11,Luffy Died,Rufi ga Shinda,19
100,12,The Legend Has Begun,Densetsu wa Hajimatta,24
101,12,Reverse Mountain,Rivasu Maunten,19
102,12,Now- The Grand Line,Sate- Gurando Rain,19
103,12,The Whale,Kujira,20
104,12,Cape Promise,Yakusoku no Misaki,19
105,12,Log Pose,Rogu Posu,19
106,12,The Town of Welcome,Kangei no Machi,19
107,12,Moonlight and Tombstones,Gekko to Bohyo,18
108,12,100 Bounty Hunters,Hyakunin no Shokin Kasegi,19
109,13,Responsibility Problem,Sekinin Mondai,19
110,13,The Night Isn't Over,Yoru wa Owaranai,19
111,13,The Secret Criminal Organization,Himitsu Hanzai Gaisha,18
112,13,Luffy vs. Zoro,Rufi Basasu Zoro,19
113,13,It's All Right!!!,Daijobu!!!,19
114,13,The Course,Shinro,19
115,13,Little Garden of Adventure,Boken no Ritoru Gaden,19
116,13,Big,Dekke,19
117,13,Dorry and Brogy,Dori to Burogi,19
118,14,Someone's Out There,Dareka Iru,19
119,14,Makeshift,Kosoku,19
120,14,The Red Ogre Weeps,Akaoni ga Naita,19
121,14,I Knew,Wakatteita,19
122,14,A Dead Body is Useless,Shinin wa Yaku ni Tatanu,19
123,14,Luffy vs. Mr. 3,Rufi Basasu Misuta Suri,19
124,14,The Tea is Good,Ocha ga Ume,19
125,14,Candle Champion,Kyandoru Chanpion,19
126,14,Instinct,Honno,19
127,15,Den Den Mushi,Dendenmushi,19
128,15,Pride (Pirate Flag),Hokori,20
129,15,Straight Ahead!!!,Massugu!!!,21
130,15,Maximum Speed,Saiko Sokudo,19
131,15,Tin Plate Wapol,Buriki no Waporu,19
132,15,See?,Ne,19
133,15,Adventure in a Nameless Country,Na mo Naki Kuni no Boken,20
134,15,Dr. Kureha,Dokuta Kureha,19
135,15,Lapahn,Rapan,19
136,15,A Man Named Dalton,Doruton to Iu Otoko,19
137,16,Avalanche,Nadare,20
138,16,The Summit,Chojo,19
139,16,Introducing Tony Tony Chopper,Toni Toni Choppa Tojo,19
140,16,The Castle of Snow,Yuki no Sumu Shiro,19
141,16,Quack Doctor,Yabu Isha,19
142,16,Skull and Sakura,Dokuro to Sakura,19
143,16,Clumsy,Bukiyo,19
144,16,Snowy Tale,Yuki Monogatari,19
145,16,Inherited Will,Uketsugareru Ishi,19
146,17,Battle to Defend the Kingdom,Kokubosen,19
147,17,Downright Lie,Usoppachi,19
148,17,Unbreakable,Orenai,19
149,17,RUMBLE!!,Ranburu!!,19
150,17,Royal Drum Crown 7-Shot Bliking Cannon,Roiyaru Doramu Kuraun Nana-ren Shotto Burikingu Kyanon,19
151,17,The Skies of Drum,Doramu no Sora,19
152,17,Full Moon,Mangetsu,19
153,17,Hiriluk's Sakura,Hiruruku no Sakura,19
154,17,To Arabasta,Arabasuta e,19
155,17,"""Pirate"" Sir Crocodile","""Kaizoku"" Sa Kurokodairu",19
156,18,Okama Weather,Okama Biyori,19
157,18,Introducing Ace,Esu Tojo,19
158,18,Landing in Arabasta,Joriku no Arabasuta,19
159,18,Come On,Koi yo,19
160,18,Spiders Cafe at 8 O'Clock,Supaidazu Kafe ni Hachi-ji,19
161,18,The Green City Erumalu,Midori no Machi Erumaru,19
162,18,Adventure in the Kingdom of Sand,Suna no Kuni no Boken,19
163,18,Yuba- the Town of Rebels,Hanran-Gun no Machi Yuba,19
164,18,I Love This Country,Kuni ga Suki,19
165,18,Operation Utopia,Sakusenmei Yutopia,18
166,18,Luffy vs. Vivi,Rufi Basasu Bibi,19
167,19,Battle Front,Sensen,19
168,19,Rainbase- The Town of Dreams,Yume no Machi Reinbesu,19
169,19,The Kingdom's Strongest Warrior,Okoku Saikyo no Senshi,19
170,19,It Begins,Hajimaru,19
171,19,Koza- Leader of the Rebels,Hanran-Gun Rida Koza,19
172,19,Rebellion,Uneri,19
173,19,Bananawani,Bananawani,19
174,19,Mr. Prince,Misuta Purinsu,19
175,19,Release,Kaiho,19
176,19,Rush!!,Rasshu!!,19
177,20,30 Million vs. 81 Million,Sanzenman vs Hassenhyakuman,19
178,20,Level G.L.,Reberu Gurandorain,19
179,20,Showdown at Alubarna,Kessen wa Arubana,19
180,20,Arabasta Animal Land,Arabasuta Dobutsu Rando,19
181,20,Super Spot-Billed Duck Quiz,Chokarugamo Kuizu,19
182,20,Roar,Dogo,19
183,20,Commander Karoo,Karu-Taicho,19
184,20,Molehill 4th St.,Mogurazuka Yonban-gai,19
185,20,Oh... Is That So?,He So,19
186,20,4,Fo,19
187,21,Even Match,Gokaku,19
188,21,Okama Kenpo,Okama Kenpo,19
189,21,2,Tsu,19
190,21,Clima-Tact,Kurima Takuto,19
191,21,The Woman Who Controls the Weather,Tenko o Ayatsuru Onna,19
192,21,Whirlwind Warning,Senpu Chui Ho,19
193,21,Utopia,Risokyo,19
194,21,Cutting Steel,Tetsu o Kiru,18
195,21,Mr. Bushido,Misuta Bushido,21
196,22,1,Wan,19
197,22,The Leaders,Tosotsushatachi,19
198,22,4:15 PM,Gogo Yo-ji Jugo-fun,19
199,22,Hope!!,Hopu!!,19
200,22,Water Luffy,Mizu Rufi,19
201,22,Nico Robin,Niko Robin,19
202,22,The Royal Mausoleum,Oke no Haka,19
203,22,Crocodile-ish,Wanippoi,19
204,22,RED,Reddo,19
205,22,The Suna Suna Clan's Secret Base,Suna-Suna-Dan Himitsu Kichi,19
206,23,Ignition,Tenka,19
207,23,Nightmare,Akumu,19
208,23,Guardian Spirit,Shugoshin,19
209,23,I Will Surpass You,Koete Yuku,21
210,23,0,Zero,17
211,23,King,Ou,19
212,23,Some Justice,Ikutsuka no Seigi,19
213,23,VIP,Bippu,23
214,23,Strategy to Escape the Sand Kingdom,Suna no Kuni Dasshutsu Sakusen,19
215,23,Last waltz,Rasuto Warutsu,19
216,23,Vivi's Adventure,Bibi no Boken,19
217,24,Stowaway,Mikkosha,19
218,24,Why the Log Pose is Dome-Shaped,Rogu Posu ga Marui Wake,19
219,24,Masira the Salvage King,Sarubeji-O Mashira,19
220,24,A Walk on the Seafloor,Kaitei Sanpo,19
221,24,Monsters,Kaibutsu,19
222,24,Big Time Rookies,Ogata Ruki,19
223,24,I Promise Never to Fight in This Town,Watakushi wa Kono Machi de wa Kesshite Kenka Shinai to Chikaimasu,19
224,24,Do Not Dream,Yume o Miruna,19
225,24,People's Dreams,Hito no Yume,19
226,24,Shoujou- the Salvage King of the Seafloor,Kaitei Tansaku-O Shojo,19
227,25,Noland the Liar,Usotsuki Norando,19
228,25,Mont Blanc Cricket- the Last Boss of the Saruyama Allied Force,'Saruyama Rengo-gun Rasuto Bosu' Monburan Kuriketto,19
229,25,Let's Eat,Meshi o Kuo,19
230,25,Pursue the South Bird!!,Sausu Bado o Oe!!,19
231,25,Bellamy the Hyena,Haiena no Berami,19
232,25,The Hundred Million Man,Ichioku no Otoko,19
233,25,The World's Greatest Power,Sekai Saiko Kenryoku,19
234,25,Please Remember,Gokioku Kudasaimasu Yo ni,19
235,25,Knock Up Stream,Nokku Appu Sutorimu,19
236,25,The Ship Sails to the Sky,Fune wa Sora o Yuku,19
237,26,High in the Sky,Joku nite,19
238,26,Heaven's Gate,Tengoku no Mon,17
239,26,Angel Beach,Enjeru Bichi,17
240,26,Dial Energy,Daiaru Enerugi,17
241,26,Heaven's Judgment,Ten no Sabaki,19
242,26,Class-2 Criminals,Dai Ni-kyu Hanzaisha,17
243,26,Ordeals,Shiren,17
244,26,SOS,Esu-O-Esu,19
245,26,Adventure on God's Island,Kami no Shima no Boken,17
246,26,Satori- Priest of the Wandering Forest,Mayoi no Mori no Shinkan Satori,19
247,27,Ordeal of Balls,Tama no Shiren,19
248,27,Former God vs Priest,Moto Kami-sama Basasu Shinkan,19
249,27,The Village Hidden in the Cloud,Kumogakure no Mura,19
250,27,Ball Dragon,Dama Doragon,19
251,27,Overture,Obachua,19
252,27,Junction,Jankushon,19
253,27,Vearth,Vasu,19
254,27,Aubade,Obado,19
255,27,The Anaconda and the Search Team,Uwabami to Tansaku Chimu,19
256,28,Wyper the Berserker,"""Senki"" Waipa",19
257,28,Dial Battle,Daiaru Batoru,19
258,28,The Many Souths,Ironna Minami,19
259,28,Pirate Zoro vs. Warrior Braham,Kaizoku Zoro Basasu Senshi Burahamu,19
260,28,Pirate Luffy vs. Berserker Wyper,Kaizoku Rufi Basasu Senki Waipa,19
261,28,Warrior Genbo vs. Divine Soldiers Commander Yama,Senshi Genbo Basasu Shinpeicho Yama,19
262,28,Pirate Chopper vs. Priest Gedatsu,Kaizoku Choppa Basasu Shinkan Gedatsu,19
263,28,Pirate Nami and the Weird Knight vs. Divine Soldiers Lieutenants Hotori and Kotori,Kaizoku Nami to Henna Kishi Basasu Fuku Shinpeicho Hotori to Kotori,19
264,28,Warrior Kamakiri vs. God Enel,Senshi Kamakiri Basasu Goddo Eneru,19
265,29,Pirate Robin vs. Divine Soldiers Commander Yama,Kaizoku Robin Basasu Shinpeicho Yama,19
266,29,Pirate Chopper vs. Priest Ohm,Kaizoku Choppa Basasu Shinkan Omu,19
267,29,March,Machi,17
268,29,Suite,Suwito,19
269,29,Concerto,Koncheruto,19
270,29,Serenade,Serenade,19
271,29,Pirate Zoro vs. Priest Ohm,Kaizoku Zoro Basasu Shinkan Omu,19
272,29,Play,Purei,19
273,29,Quintet,Kuintetto,19
274,29,Oratorio,Oratorio,21
275,29,Divina Comedia,Dibina Komeidia,19
276,30,Shandia Rhythm,Shandia Rizumu,19
277,30,Maxim,Makushimu,17
278,30,Conis,Konisu,19
279,30,Pirate Luffy vs. God Enel,Kaizoku Rufi Basasu Goddo Eneru,18
280,30,Floating,Fujo,19
281,30,Deathpiea,Desupia,19
282,30,Desire,Nozomi,19
283,30,On the Front Line of Rescuing Love,Koi no Kyushutsu Zensen,19
284,30,Sorry,Warina,19
285,30,Capriccio,Kapuritchio,19
286,31,The Monster of Shandora,Shandora no Mamono,17
287,31,God Killing,Kamigoroshi,19
288,31,Curse,Tatari,19
289,31,Full Moon,Bogetsu,21
290,31,The Light of Shandora,Shandora no Hi,19
291,31,I'm Right Here,Koko ni Iru,19
292,31,To Meet- like the Half-Moon Hidden by Clouds,Afukoto wa Katawaredzuki no Kumogakure,19
293,31,Bolero,Borero,19
294,31,Raigo,Raigo,19
295,31,Giant Jack,Jaianto Jakku,19
296,32,High-Altitude Situation,Saiku Kyokumen,19
297,32,Praises of the Earth,Daichi Sansho,19
298,32,Love Song,Rabu Songu,19
299,32,Fantasia,Fantajia,19
300,32,Symphony,Shinfoni,19
301,32,I Was Here,Ware Koko ni Itaru,19
302,32,Finale,Finare,19
303,32,Rich Pirates,Kanemochi Kaizoku-dan,19
304,32,Long Island Adventure,Nagai Shima no Boken,21
305,32,Foxy the Silver Fox,Gin Gitsune no Fokushi,19
306,33,Donut Race!!,Donatsu Resu!!,19
307,33,Ready- Donuts!!,Redii Donatsu!!,19
308,33,The Grand Interference Plan,Bodai Daisakusen,19
309,33,Groggy Monsters,Gurokki Monsutazu,17
310,33,Groggy Ring!!,Gurokki Ringu!!,19
311,33,Rough Game,Rafu Gemu,19
312,33,GOAL!!,Goru!!,19
313,33,MAIN EVENT,Mein Ibento,19
314,33,Combat!!!,Konbatto!!!,19
315,33,Secret Room,Himitsu no Heya,19
316,33,Brother Soul,Buraza Souru,19
317,34,K.O.,Nokku Auto,21
318,34,Closure,Heikai,19
319,34,Admiral Aokiji of the Marine Headquarters,"Kaigun Honbu ""Taisho"" Aokiji",19
320,34,Ultimate Military Force,Saiko Senryoku,19
321,34,One-on-One,Ikkiuchi,19
322,34,Puffing Tom,Paffingu Tomu,19
323,34,The City of Water- Water 7,"""Mizu no Miyako"" Wota Sebun",19
324,34,Adventure in the City on the Water,Suijo Toshi no Boken,19
325,34,The Franky Family,Furanki Ikka,19
326,34,Iceburg-san,Aisubagu-san,17
327,34,Shipyard Island- Construction Dock No. 1,Zosenjima Zosen Kojo Ichi-ban Dokku,21
328,35,The Pirate Abduction Incident,Kaizoku Yukai Jiken,19
329,35,"My Name Is ""Franky""","Ore no Na wa ""Furanki""",19
330,35,It's Decided,Kimeta,17
331,35,The Big Argument,Ogenka,19
332,35,Luffy vs. Usopp,Rufi Basasu Usoppu,18
333,35,Captain,Kyaputen,18
334,35,Big Trouble in the Secret Room,Misshitsu no Daijiken,19
335,35,WARNING,Woningu,19
336,35,Luffy vs. Franky,Rufi Basasu Furanki,19
337,36,Protectors of the City of Water,"""Mizu no Miyako"" no Yojinbo",19
338,36,Coup de Vent,Ku do Van,19
339,36,Rumors,Uwasa,19
340,36,The Woman Who Brings Darkness,Yami o Hiku Onna,19
341,36,Devil,Akuma,19
342,36,The Messengers of Darkness,Yami no Shisha,19
343,36,Cipher Pol No.9,Saifa Poru Nanba Nain,19
344,36,Opposing Force,Teiko Seiryoku,19
345,36,The Concealed,Senpukusha,19
346,36,The 9th Justice,Kyu-banme no Seigi,19
347,37,Rokushiki,Rokushiki,19
348,37,Fighting Power,Sentoryoku,20
349,37,One Citizen,Ichi Shimin,19
350,37,The Warehouse Under the Bridge,Hashi no Shita Soko,19
351,37,Klabautermann,Kurabautaman,19
352,37,Tom's Workers,Tomuzu Wakazu,19
353,37,The Legendary Shipwright,Densetsu no Funadaiku,19
354,37,Sea Train,Umi Ressha,19
355,37,Spandam,Supandamu,19
356,37,Tom-san,Tomu-san,19
357,37,Cutty Flam,Kati Furamu,21
358,38,Revival,Fukkatsu,19
359,38,Bingo,Bingo,19
360,38,Departing Soon,Mamonaku Shukko,19
361,38,P.S.,Tsuishin,19
362,38,Ebb Tide,Hiki Shio,19
363,38,Aqua Laguna,Akua Raguna,19
364,38,Kokoro,Kokoro,19
365,38,Rocketman!!,Rokettoman!!,19
366,38,Sortie!!,Shutsugeki!!,19
367,38,Sogeking,Sogekingu,19
368,39,Sea Train Battle Game,Umi Ressha Batoru Gemu,19
369,39,Ramen Kenpo,Ramen Kenpo,19
370,39,You're Not Alone,Hitori janai,19
371,39,The Admirable Captain T Bone,Appare Ti-Bon Taisa,19
372,39,Parage,Paraju,19
373,39,Necessary Evil,Hitsuyo Aku,19
374,39,Scramble,Sodatsusen,19
375,39,The Superhumans of Enies Lobby,Eniesu Robi no Chojin-tachi,19
376,39,I Got It!!!,Wakatta!!!,19
377,39,Great Battle on the Judiciary Island!!,Shiho no Shima no Daikessen!!,19
378,40,Damage Report,Higai Jokyo,19
379,40,Doriki,Doriki,19
380,40,Enies Lobby Main Island Express,Eniesu Robi Hontoyuki Ekusupuresu,19
381,40,Fired,Kubi,18
382,40,Demon Lair,Oni no Kakure-ga,19
383,40,Luffy vs Blueno,Rufi Basasu Buruno,19
384,40,Signal the Counterattack,Hangeki no Noroshi o Agero,19
385,40,There Is a Way,Michi wa Aru,19
386,40,Unprecedented,Zendai Mimon,15
387,40,Gear,Gia,19
388,40,Gear 2,Gia Sekando,19
389,41,Response,Oto,19
390,41,Accepting the Challenge,Osen,19
391,41,The Girl Called a Devil,Akuma to Yobareta Shojo,19
392,41,Dereshi,Dereshi,19
393,41,Olvia,Orubia,19
394,41,The Demons of Ohara,Ohara no Akuma-tachi,19
395,41,Ohara vs. the World Government,Ohara Basasu Sekai Seifu,19
396,41,Saul,Sauro,19
397,41,In Hopes of Reaching the Future,Mirai-e Todoku youni,19
398,41,Declaration of War,Sensen Fukoku,19
399,41,Jump Toward the Waterfall!!,Taki ni Mukatte Tobe!!,19
400,42,The Key to Freedom,Kaiho no Kagi,19
401,42,Pirates vs CP9,Kaizoku Basasu Shi Pi Nain,19
402,42,Handcuffs No. 2,Ni-ban no Tejo,19
403,42,Mr. Chivalry,Misuta Kishido,19
404,42,Franky vs Fukurou,Furanki Basasu Fukurô,19
405,42,Power,Pawa,19
406,42,Seimei Kikan,Seimei Kikan,19
407,42,Monster,Monsuta,19
408,42,Monster vs Kumadori,Monsuta Basasu Kumadori,19
409,42,Emergency Bad News Broadcast,Kyoho Kinkyu Daihoso,19
410,43,Super-Size Nami,Nami Kyodaika,19
411,43,Nami vs Kalifa,Nami Basasu Karifa,19
412,43,You Missed Your Chance,Chansu wa Owatta,19
413,43,Hunter,Kariudo,19
414,43,Sanji vs Jabra,Sanji Basasu Jabura,19
415,43,Heat Up,Hito Appu,19
416,43,Zoro vs Kaku,Zoro Basasu Kaku,19
417,43,Asura,Ashura,19
418,43,Luffy vs. Rob Lucci,Rufi Basasu Robu Rucchi,19
419,43,Legend of a Hero,Eiyu Densetsu,19
420,44,Buster Call,Basuta Koru,19
421,44,Gear 3,Gia Sado,19
422,44,Rob Lucci,Robu Rucchi,19
423,44,Mermaid Legend,Ningyo Densetsu,19
424,44,Escape Ship,Dasshutsu-sen,19
425,44,Bridge of Mortal Combat,Shito no Hashi,19
426,44,A Ship Waiting for Wind,Kazamachi no Fune,19
427,44,It's Not Like it's Hell Here,Koko ga Jigoku ja Arumeshi,19
428,44,Let's Go Back,Kaero,19
429,44,Utter Defeat,Kanpai,19
430,44,A Light Snow of Reminiscence Falls,Furisosogu Tsuiso no Awayuki,19
431,45,Fist of Love,Ai no Kobushi,19
432,45,Jack-in-the-Box,Bikkuri Bako,19
433,45,The Name of That Sea is,Sono Umi no Na wa,19
434,45,Whitebeard and Red Hair,Shirohige to Akagami,19
435,45,You Have My Sympathies,Shinchu Osasshisuru,19
436,45,Pants from Franky House,Pantsu Furomu Furankihausu,19
437,45,Naked But Great,Hadaka Hyakkan,19
438,45,Pride,Puraido,19
439,45,The Third and the Seventh,Sanninme to Nananinme,19
440,45,Fire Fist vs Blackbeard,Hiken Basasu Kurohige,19
441,46,Duel on Banaro Island,Banaro-to no Ketto,19
442,46,Adventure in the Demonic Sea,Ma no Umi no Boken,19
443,46,Thriller Bark,Surira Baku,19
444,46,Adventure on Ghost Island,Gosuto Airando no Boken,19
445,46,The Zombie,Za Zonbi,19
446,46,Doctor Hogback,Dokutoru Hogubakku,19
447,46,Surprise Zombie,Bikkuri Zonbi,19
448,46,Moria,Moria,19
449,46,The Mysterious Four of Thriller Bark,Surira Baku no Yonkaijin,19
450,47,General Zombie Night,Jeneraru Zonbi Naito,19
451,47,Perona's Wonder Garden,Perona no Wanda Gaden,19
452,47,Jigor<U+03BF> of the Wind,Kaze no Jigoro,19
453,47,Cloudy- Partly Bony,Kumori Tokidoki Hone,19
454,47,Humming,Hanauta,19
455,47,Gecko Moria of the Seven Warlords of the Sea,Oka Shichibukai Gekko Moria,19
456,47,Demon from the Land of Ice,Kori no Kuni kara Kita Majin,19
457,47,Meeeeat!!!,Niku~~!!!,17
458,47,Anything but My Afro,Afuro dake wa,19
459,47,Being Dead Isn't an Apology,Shin de Gomen ja nai Desho ni,19
460,48,Get Back Before Dawn!!,Yoake Mae ni Torikaese!!,19
461,48,Ghost Buster,Gosuto Basuta,19
462,48,Adventures of Oars,Ozu no Boken,19
463,48,Pirate Sanji vs Mysterious Absalom,Kaizoku Sanji Basasu Kaijin Abusaromu,19
464,48,Sanji's Dream,Sanji no Yume,19
465,48,Pirate Usopp vs Princess Perona,Kaizoku Usoppu Basasu Purinsesu Perona,19
466,48,Conclusion,Kecchaku,19
467,48,Pirate Zoro vs Samurai Ryuma,Kaizoku Zoro Basasu Samurai Ryuma,19
468,48,Pirate Chopper vs Mysterious Hogback,Kaizoku Choppa Basasu Kaijin Hogubakku,19
469,48,Come Out Here- Straw Hat Pirates!!!,Dete Koi Mugiwara no Ichimi!!!,19
470,48,Oars vs. Straw Hat Pirates,Ozu Basasu Mugiwara no Ichimi,19
471,49,My Friend,Mai Furendo,19
472,49,Down,Daun,19
473,49,Warlord Bartholomew Kuma Appears,Oka Shichibukai Basoromyu Kuma Arawaru,19
474,49,We Have To Do It!,Yarushikane!!!,19
475,49,Pirates of the Forest,Mori no Kaizoku-Dan,19
476,49,Nightmare Luffy,Naitomea Rufi,19
477,49,<U+215C>,<U+215C>,19
478,49,Luffy vs. Luffy,Rufi Basasu Rufi,19
479,49,Warrior of Hope,Kibo no Senshi,19
480,49,Interception,Geigeki,19
481,49,Shadow's Asgard,Shadozu Asugarudo,19
482,50,Morning Is Coming,Asa ga Kuru,19
483,50,The End of The Dream,Yume no Owari,19
484,50,Squish,Puni,19
485,50,Straw Hat Pirates - Pirate Hunter Zoro,Mugiwara no Ichimi - Kaizoku-Gari no Zoro,19
486,50,Piano,Piano,19
487,50,That Song,Ano Uta,19
488,50,Song of Life,Inochi no Uta,19
489,50,The Eighth,Hachininme,19
490,50,Arriving Again,Futatabi Tadoritsuku,19
491,50,Flying Fish Riders,Tobiuo Raidazu,19
492,51,Iron Mask Duval,Tetsu Kamen no Dyubaru,19
493,51,You Know Me,Shitteru,19
494,51,Duval's Tragedy,Dyubaru no Higeki,19
495,51,Gaon Cannon,Gaon Ho,19
496,51,Yarukiman Mangrove,Yarukiman Mangurobu,19
497,51,Adventure on the Archipelago of Dancing Soap Bubbles,Shabon Mau Shoto no Boken,19
498,51,The Eleven Supernovas,Juichinin no Choshinsei,19
499,51,Sabaody Park,Shabondi Paku,19
500,51,The Embers of History,Rekishi no Nokoribi,19
501,51,The World Begins to Swell,Uneri Hajimeru Sekai,19
502,51,The Incident of the Celestial Dragons,Tenryubito no Ikken,19
503,52,Aggravated Island,Aradatsu Shima,19
504,52,Pirate Front Line on the Move!!,Kaizoku Zensen Idochu!!,19
505,52,Kuma,Kuma,19
506,52,Roger and Rayleigh,Roja to Reiri,19
507,52,Kizaru Arrives,Kizaru Joriku,19
508,52,Island of Carnage,Shura no Shima,19
509,52,Kizaru vs. Four Captains,Kizaru Basasu Yonin no Sencho,19
510,52,Straw Hat Crew vs. Combat Weapon,Mugiwara no Ichimi Basasu Sento Heiki,19
511,52,Axe-Carrying Sentomaru,Masakari Katsuida Sentomaru,19
512,52,Zoro- Gone,Zoro- Otosata nashi,19
513,53,Beyond Rescue!!!,Sukuenai!!!,19
514,53,Mushrooms-Grow-From-the-Body Mushroom,Karada-kara-Kinoko-ga-Haeru Dake,19
515,53,Adventure on the Island of Women,Nyogashima no Boken,19
516,53,Pirate Empress Boa Hancock,Kaizoku Jotei Boa Hankokku,17
517,53,Bathing,Yuami,19
518,53,The Arena,Togidai,19
519,53,A King's Disposition,O no Shishitsu,19
520,53,Eye of the Gorgon,Gorugon no Me,19
521,53,Hoof of the Celestial Dragon,Amakakeru Ryu no Hizume,19
522,53,Fatal Illness,Shi ni Itaru Yamai,19
523,54,Hell,Jigoku,19
524,54,No One Can Stop This Now,Mo Darenimo Tomerarenai,19
525,54,The Underwater Prison Impel Down,Kaitei Kangoku Inperu Daun,19
526,54,Adventure in the Great Prison,Daikangoku no Boken,19
527,54,Level 1 Crimson Hell,Reberu Wan Guren Jigoku,19
528,54,Jinbe- Knight of the Sea,Kaikyo no Jinbe,19
529,54,Level 2 Wild Beast Hell,Reberu Tsu Moju Jigoku,19
530,54,From One Hell to Another,Jigoku-e Jigoku-e,19
531,54,Level 3 Starvation Hell,Reberu Suri Kiga Jigoku,19
532,54,Jailer Beast Minotaurus,Gokusotsuju Minotaurosu,19
533,55,Level 4 Inferno Hell,Reberu Fo Shonetsu Jigoku,19
534,55,Chief Warden Magellan vs. Pirate Luffy,Kangoku Shocho Mazeran Basasu Kaizoku Rufi,19
535,55,Friend,Dachi,19
536,55,Level 5 Frozen Hell,Reberu Faibu Gokkan Jigoku,19
537,55,Okama in Hell,Jigoku ni Okama,19
538,55,Level 5.5 Newkama Land,Reberu Go ten Go Banchi Nyukama Rando,19
539,55,Emporio Tension Hormone,Enporio Tenshon Horumon,19
540,55,Level 6 Eternal Hell,Reberu Shikkusu Mugen Jigoku,19
541,55,The Likes of Which It Has Never Seen,Imada Katsute Nasshiburu,19
542,56,Another Incident to Be Told,Yagate Katarareru Mou Hitotsu no Jiken,19
543,56,Straw Hat and Blackbeard,Mugiwara to Kurohige,19
544,56,The Lid to the Cauldron of Hell Opens,Jigoku no Kama no Futa mo Aku,19
545,56,To the Sunshine in Outside World,Hi no Ataru Shaba-e,19
546,56,Fish-Man Pirate Captain Jinbe- Warlord of the Sea,"Gyojin Kaizoku-dan Sencho ""Shichibukai"" Jinbe",17
547,56,Escaping the Island,Shimayaburi,19
548,56,Thank You,Arigato,19
549,56,Ship Sailing Forth,Shutsugeki no Fune,19
550,56,Marine Headquarters,Kaigun Honbu,19
551,56,Whitebeard of the Four Emperors,"Yonko ""Shirohige""",19
552,57,Ace and Whitebeard,Esu to Shirohige,19
553,57,Summit Battle,Chojo Kessen,17
554,57,Admiral Akainu,Taisho Akainu,15
555,57,Oars and the Kasa,Ozu to kasa,19
556,57,Justice Will Prevail!!,Seigi wa Katsu!!,17
557,57,Luffy and Whitebeard,Rufi to Shirohige,17
558,57,Little Brother,Ototo,17
559,57,Destiny,Tenmei,17
560,57,Prisoners of Impel Down,Inperu Daun no Shujin-tachi,17
561,57,Luffy vs. Mihawk,Rufi Basasu Mihoku,17
562,57,Pirate Maelstrom Spider Squard,Kaizoku O Uzu Gumo Sukuado,17
563,58,One Heart- One Man,Shinzo Hitotsu Ningen Hitori,17
564,58,The Man Who Shook the World,Sekai o yurasu otoko,17
565,58,Oars' Path,Ozu no Michi,17
566,58,Raid,Moko,19
567,58,Marineford Marine Headquarters - Oris Plaza,Marinfodo Kaigun Honbu Orisu Hiroba,19
568,58,Have It Your Way!,Katteni Shiyagare,15
569,58,White Monster,Shiroi Kaibutsu,15
570,58,The Bridge of Life,Inochi no Kakehashi,15
571,58,The Execution Platform,Shokeidai,17
572,58,The Times They Are A-Changin',Za Taimuzu Zei A E-Chenjin -Jidai wa Kawaru-,17
573,58,"The Name of This Era is ""Whitebeard""","Kono Jidai no Na o ""Shirohige"" to Yobu",17
574,59,Portgas D. Ace Dies,Potogasu Di Esu Shisu,17
575,59,Voiceless Rage,Kotoba Naki Ikari,15
576,59,The Great Pirate Edward Newgate,Daikaizoku Edowado Nyugeto,17
577,59,Outrageous Events One After Another,Tatamikakeru Daijiken,17
578,59,A Gift for the New Era,Shinjidai e Okuru Mono,19
579,59,Seconds of Courage,Yuki Aru Subyo,17
580,59,The War's Conclusion,Shusen,15
581,59,Creeping Future,Shinobiyoru Mirai,17
582,59,Luffy and Ace,Rufi to Esu,19
583,59,Gray Terminal - The Final Destination of the Uncertainty,Futashikana Mono no Shuchakueki (Gurei Taminaru),17
584,59,Incident With Porchemy,Porushemi no Ikken,17
585,60,Brothers' Sake Cups,Kyodai Sakazuki,19
586,60,City of Stench,Akushu no Suru Machi,19
587,60,I Will Not Run Away,Ore wa Nigenai,19
588,60,Sabo's Ocean,Sabo no Umi,19
589,60,Will of the Winds,Fuun no Kokorozashi,19
590,60,My Little Brother,Ototo yo,19
591,60,Are You Sure About That?,Sore de Iinoka,19
592,60,Yell,Eru,19
593,60,NEWS,Nyusu,19
594,60,Message,Messeji,19
595,61,The Pledge,Sensei,19
596,61,SPECTRUM,Supekutoru,19
597,61,3D2Y,Suri-Di Tsu-Wai,19
598,61,2 Years Later,Ninen-go,24
599,61,Nine Pirates,Kyunin no Kaizoku,19
600,61,Island of New Beginnings,Saishuppatsu no Shima,19
601,61,Romance Dawn For the New World:The Dawn of an Adventureinto a New World,Romansu Don fo za nyu warudo: Atarashii Sekai e no Boken no Yoake,19
602,61,Downward Ho!!,Shimokaji Ippai!!,17
603,61,Keep It In Your Heart,Kokoro ni Tometeoke,17
604,62,Into the Depths,Shinso e,19
605,62,The Kraken and the Pirates,Kuraken to Kaizoku,19
606,62,Deep Sea Adventure,Shinkai no Boken,17
607,62,10-000 Meters Under the Sea,Kaitei Ichiman Metoru,17
608,62,Underwater Paradise,Kaitei no Rakuen,17
609,62,Adventure on Fish-Man Island,Gyojinto no Boken,19
610,62,Madam Shyarly- Fortune-Teller,Uranaishi Madamu Shari,15
611,62,Hody Jones,Hodi Jonzu,17
612,62,Taken by the Shark They Saved,Tasuketa Same ni Tsurerarete,19
613,62,The Mermaid Princessin Hard-Shell Tower,Kokakuto no Ningyo Hime,17
614,62,What's Done is Done,Yatchimatta Mon wa Shogane,17
615,63,Mato Mato Curse,Mato Mato no Noroi,17
616,63,Anniversary for Revenge,Fukushu no Kinenbi,17
617,63,Major Incident on Coral Hill,Sangogaoka de Daijiken,17
618,63,Proposal,Puropozu,19
619,63,At the Sea Forest,Umi no Mori nite,17
620,63,The Longed-For Amusement Park,Akogare no Yuenchi,17
621,63,Otohime and Tiger,Otohime to Taiga,17
622,63,The Sun Pirates,Taiyo no Kaizoku-dan,19
623,63,Fisher Tiger the Pirate,Kaizoku Fissha Taiga,19
624,63,Queen Otohime,Otohime Ohi,17
625,63,Uninherited Will,Uketsuganai Ishi,19
626,63,The Three Neptune Brothers,Nepuchun San Kyodai,19
627,64,You Have My Gratitude,Katajikenai,19
628,64,Spring Cleaning,Osoji,19
629,64,Former Warlord in the Way,Tachifusagaru Moto Shichibukai,19
630,64,Getting Violent,Abaredasu,19
631,64,Gyoncorde Plaza,Gyonkorudo Hiroba,19
632,64,I Knew,Shitteta,19
633,64,Friend or Foe,Teki ka Mikata ka,19
634,64,100-000 vs. 10,Juman Basasu Ju,19
635,64,So Scared I Ran Up to the Sky,Sora o Tobu Hodo Ozamashi,19
636,64,General from Futureland,Miraikoku kara Kita Shogun,19
637,65,The Ancient Ark,Inishie no Hakobune,19
638,65,Escape-Hoshi,Nigehoshi,19
639,65,Protect Everything,Zenbu Mamoru,19
640,65,Above Fish-Man Island,Gyojinto Chokujo,19
641,65,What Are You?,Omae wa Nanda,19
642,65,Lost All Face,Menmoku nado Marutsubure,19
643,65,Phantom,Fantomu,19
644,65,To Zero,Zero ni,19
645,65,Death Is Another Form of Revenge,Shi mo Mata Fukushu,19
646,65,Frog,Kaeru,19
647,66,Stop- Noah,Tomare Noa,19
648,66,The Road Toward the Sun,Taiyo e to Tsuzuku Michi,19
649,66,The Dance of Sea Breams and Flounders,Tai ya Hirame no Maiodori,19
650,66,Two Changes to Be Aware Of,Shitteokubeki Futatsu no Henka,17
651,66,A Voice From the New World,Shin Sekai kara no Koe,19
652,66,Grim Premonitions,Zento Tanan no Yokan,17
653,66,The Hero Hat,Hiro no Boshi,19
654,66,Gam,Gamu (Shogun),19
655,66,Punk Hazard,Panku Hazado,19
656,66,Adventure on the Burning Island,Moeru Shima no Boken,19
657,67,Severed Head,Namakubi,17
658,67,Biscuits Room,Bisuketto Rumu,19
659,67,About My Torso,Dotai no Hanashi,19
660,67,Trafalgar Law- Warlord of the Sea,"""Oka Shichibukai"" Torafaruga Ro",19
661,67,The Lake of Bandits,Oihagi no Deru Mizuumi,19
662,67,Warlord Law Vs. Vice Admiral Smoker,Shichibukai Ro Basasu Sumoka Chujo,19
663,67,CC,Shi-Shi,19
664,67,Master Caesar Clown,Masuta Shiza Kuraun,19
665,67,CANDY,Kyandi,17
666,67,Yeti Cool Brothers,Ieti Kuru Burazazu,17
667,67,COOL FIGHT,Kuru Faito,19
668,68,Pirate Alliance,Kaizoku Domei,19
669,68,Commence Operation,Sakusen Kaishi,17
670,68,Blizzard With a Chance of Slime,Fubuki Tokidoki Suraimu,17
671,68,Gasu Gasu no Mi,Gasu Gasu no Mi,17
672,68,My Name Is Kin'emon!!,Sessha!! Na o Kin'emon to Mosu!!,19
673,68,Vergo and Joker,Verugo to Joka,19
674,68,The Observers,Bokansha-tachi,17
675,68,"I Call It ""Shinokuni""",Sono Na mo 'Shinokuni',19
676,68,The Perfect Weapon of Mass Murder,Kanzen naru Satsuriku Heiki,19
677,68,COUNTER HAZARD!!,Kaunta Hazado!!,19
678,68,Lobby of Laboratory Building A,Kenkyujo-nai E-To Robi,17
679,69,The G-5 Spirit,Kokoroiki Ji-Faibu,19
680,69,Marine G-5 Base Commander Vergo the Demon Bamboo,"Kaigun Ji-Faibu Kichicho ""Kichiku no Verugo""",19
681,69,Luffy vs. Master,Rufi Basasu Masuta,19
682,69,Puppet Master,Kuromaku,19
683,69,An Icy Woman,Kori no yo na On'na,19
684,69,Don't Do It- Vegapunk,Yamerunda Begapanku,19
685,69,My Name is Momonosuke!!,Momonosuke- Sessha no Na ni Gozaru!!,19
686,69,The Snow Woman in the Biscuits Room,Bisuketto Rumu no Yuki-Onna,19
687,69,Wild Beast,Moju,19
688,69,Mocha,Mocha,19
689,69,A Seemingly Non-Existent Island,Nai Yo de Aru Shima,19
690,69,SAD,Esu-E-Di,19
691,70,King of Shinokuni,Shi no Kuni no O,21
692,70,Assassins from Dressrosa,Doresuroza kara Kita Shikaku,19
693,70,Die for Me,Shinde kure,17
694,70,The Most Dangerous Man,Mottomo Kiken na Otoko,17
695,70,Leave It to Us!!!,Makasero!!!,19
696,70,Alignment of Interests,Rigai no Itchi,19
697,70,A Deal,Torihiki,19
698,70,Doflamingo Appears,Dofuramingo Arawaru,19
699,70,Morning Edition,Chokan,19
700,70,His Own Pace,Yatsu no Pesu,19
701,71,Adventure in the Land of Love- Passion- and Toys,Ai to Jonetsu to Omocha no Kuni no Boken,19
702,71,Corrida Colosseum,Korida Koroshiamu,15
703,71,Waiting Room,Hikaeshitsu,19
704,71,Lucy and the Statue of Kyros,Rushi to Kyurosu no Zo,19
705,71,Maynard the Pursuer,Tsuigeki no Meinado,19
706,71,I Won't Laugh at You,Omae o Warawanai,15
707,71,B Block,Bi Burokku,17
708,71,Colosseum of Scoundrels,Kusemono-tachi no Koroshiamu,15
709,71,King Punch!!,Kingu Panchi!!,19
710,71,To Green Bit,Gurin Bitto e,19
711,71,Adventure in the Land of Dwarves,Kobito no Kuni no Boken,19
712,72,Violet,Vaioretto,19
713,72,Usoland,Usorando,19
714,72,Lucy and Ucy,Rushi to Ushi,19
715,72,Closely Contested C Block,Gekisen-ku Shi Burokku,19
716,72,Don Chinjao,Don Chinjao,19
717,72,Dressrosa's Forgotten,Doresuroza no Wasuremono,19
718,72,Riku Royal Army on the Flower Hill,Ohanabatake no Riku O Gun,19
719,72,Open- Chinjao,Hirake Chinjao,19
720,72,Prison-Gladiators,Shujin Kentoshi,19
721,72,Rebecca and Soldier-san,Rebekka to Heitai-san,19
722,73,Royal Bloodlines,Ozoku no Ketto,19
723,73,Change of Plans,Henko Sakusen,19
724,73,Law's Plan,Ro no Sakusen,19
725,73,The Undefeated Woman,Muhai no Onna,17
726,73,The Riku Family,Riku Ichizoku,19
727,73,The Lurking Hero,Machibuseru Hiro,19
728,73,The Number of Tragedies,Higeki no Kazu,19
729,73,Warlord Doflamingo vs. Warlord Law,Shichibukai Dofuramingo Basasu Shichibukai Ro,17
730,73,3 Cards,San-mai no Kado,19
731,73,Operation Dressrosa SOP,Doresuroza Esu-O-Pi Sakusen,19
732,74,An Underground World,Chika no Sekai,19
733,74,What Soldier-san Wants,Heitai-san no Hoshii Mono,19
734,74,The Kamaitachi of Rommel,Ronmeru no Kamaitachi,19
735,74,Fujitora's Intention,Fujitora no Omowaku,19
736,74,Executive Officer Diamante,Saiko Kanbu Diamante,19
737,74,Officer's Tower,Kanbu-to,19
738,74,Trebol Army- Special Officer Sugar,Toreboru-gun Tokubetsu Kanbu Shuga,19
739,74,Commander,Taicho,19
740,74,It's in Your Hands!!!,Tanomu!!!,19
741,74,Usoland the Liar,Usotsuki Usorando,19
742,74,I'll Always Be By Your Side,Itsudemo Kimi no Soba ni Iru,19
743,75,Dressrosa Trembles,Gekishin no Doresuroza,19
744,75,Revolutionary Army Chief of Staff,Kakumei-gun Sanbo Socho,19
745,75,The Birdcage,Torikago,19
746,75,Stars,Hoshi,19
747,75,Executive Officer Pica,Saiko Kanbu Pika,19
748,75,My Repayment,Ore no Ongaeshi,17
749,75,March Forward!! Army of Rascals,Susume!! Kusemono Gundan,17
750,75,The State of the War,Senkyoku,19
751,75,Sabo vs. Admiral Fujitora,Sabo Basasu Taisho Fujitora,17
752,75,Palm,Tenohira,17
753,76,Battle,Ikusa,17
754,76,Pleased to Make Your Acquaintance,Omishirioki o,17
755,76,A Man's World,Otoko no Sekai,17
756,76,The Fourth Step,Yondanme,19
757,76,Trump Card,Kirifuda,17
758,76,Just Keep Going,Kamawazu Susume,17
759,76,Secret Plan,Hisaku,17
760,76,The Same Bet,Onaji Kake,13
761,76,Ope Ope no Mi,Ope Ope no Mi,15
762,76,The White Town,Shiroi Machi,17
763,76,Declaration of Humanity,Ningen Sengen,17
764,77,White Monster,Howaito Monsuta,19
765,77,Minion- the Isle of Fate,Unmei no Shima Minion,17
766,77,Smile,Sumairu,17
767,77,Cora-san,Kora-san,17
768,77,The Trigger That Day,Ano Hi no Hikigane,15
769,77,Bellamy the Pirate,Kaizoku Berami,17
770,77,The Spear of Elbaf,Erubafu no Yari,17
771,77,Sai- Don of the Happo Navy,Happo Suigun Don Sai,19
772,77,Cabbage & Lomeo,Kyabetsu ando Romeo,17
773,77,Half & Half,Hafu ando Hafu,19
774,77,Leo- Chief of the Tontatta Tribe Warriors,Tontatta-zoku Senshi-cho Reo,15
775,77,To Russian With Love,Rushian ni Ai o Komete,19
776,78,Hero of the Colosseum,Koroshiamu no Eiyu,19
777,78,Zoro vs. Pica,Zoro Basasu Pika,19
778,78,Tactics No. 5,Takutikusu Nanba Faibu,19
779,78,The Last Fight,Saigo no Kenka,19
780,78,The Heart Curse,Hato no Jubaku,15
781,78,Long-Cherished Desire,Honkai,19
782,78,The Charisma of Evil,Aku no Karisuma,19
783,78,In My Way,Jama da,19
784,78,Gear 4,Gia Fosu,19
785,78,Even If Your Legs Break,Ashi ga Oretemo,19
786,79,Gatz,Gyattsu,17
787,79,4 Minutes Before,Yon-pun Mae,17
788,79,My Battle,Watashi no Tatakai,17
789,79,Lucy!!,Rushi!!,19
790,79,Heaven and Earth,Ten to Chi,19
791,79,Rubble,Gareki,17
792,79,Prostration,Dogeza,15
793,79,Tiger and Dog,Tora to Inu,15
794,79,Sabo's Adventure,Sabo no Boken,15
795,79,Suicide,Jisatsu,17
796,80,Soldier-san's Conviction,Heitai-san no Ketsui,19
797,80,Rebecca,Rebekka,17
798,80,Heart,Hato,17
799,80,Parent and Child,Oya to Ko,17
800,80,Followers's Sake Cups,Kobun Sakazuki,17
801,80,Opening Speech,Kaimaku Sengen,17
802,80,Zou,Zo,17
803,80,Elephant Climbing,Tozo,13
804,80,Adventure in the Land Atop the Elephant's Back,Zo no Se no Kuni no Boken,17
805,80,The Mink Tribe,Minku-zoku,17
806,80,At the Fortress of Right Belly,Ubara no Toride nite,17
807,81,10 Days Earlier,Toka Mae,17
808,81,Duke Inuarashi,Inuarashi Koshaku,17
809,81,Master Nekomamushi,Nekomamushi no Danna,19
810,81,The Curly Hat Pirates Arrive,Guruwara no Ichimi- Joriku,17
811,81,Roko,Roko,19
812,81,"Capone ""Gang"" Bege","Kapone ""Gyangu"" Bejji",17
813,81,Tea Party Invitation,Ochakai no Shotaijo,17
814,81,Let's Go See Master Nekomamushi,Nekomamushi no Dan'na ni Ai ni Yuko,17
815,81,Take Me with You!!,Ore mo Tsureteke!!,17
816,81,Dog vs. Cat,Inu Basasu Neko,17
817,82,Raizo of the Mist,Kiri no Raizo,19
818,82,Inside the Whale,Kujira no Naka de,17
819,82,Momonosuke- Heir to the Kozuki Family,Kozuki-ke Atotori Momonosuke,17
820,82,Dog and Cat Have a History,Inu to Neko ni Rekishi Ari,17
821,82,Understood,Shochi Shita,19
822,82,Descending the Elephant,Gezo,17
823,82,The World is Restless,Zawatsuku Sekai,17
824,82,Whim,Kimagure,19
825,82,The WENP's Comic Strip,Sekei no Emonogatari,13
826,82,0 and 4,Rei to Yon,17
827,82,Totto Land,Totto Rando,17
828,83,1 and 2,Ichi to Ni,17
829,83,Emperor of the Sea- Charlotte Linlin,"Kaizoku ""Yonko"" Sharotto Rinrin",18
830,83,A Man You Can Bet On,Kakerareru Otoko,17
831,83,Adventure in the Mysterious Forest,Fushigi na Mori no Boken,17
832,83,Germa Kingdom,Jeruma Okoku,19
833,83,Vinsmoke Judge,Vinsumoku Jajji,19
834,83,My Dream,Ore no Yume,17
835,83,The Nation of Souls,Tamashii no Kuni,19
836,83,The Vivre Card Lola Gave,Rora ga Kureta Biburu Kado,15
837,83,Luffy vs. Commander Cracker,Rufi Basasu Shosei Kurakka,17
838,83,Choniki,Choniki,17
839,84,I Owe You My Life,Kuso Osewa ni Narimashita,17
840,84,The Iron Mask,Tekkamen,17
841,84,To the East Blue,Isuto Buru e,17
842,84,The Power of a Full Stomach,Manpuku no Chikara,15
843,84,Vinsmoke Sanji,Vinsumoku Sanji,19
844,84,Luffy vs. Sanji,Rufi Basasu Sanji,17
845,84,Forces of Rage,Ikari no Gundan,17
846,84,Tamago Security,Tamago no Keibi,17
847,84,Luffy and Big Mom,Rufi to Biggu Mamu,17
848,84,Goodbye,Sayonara,19
849,85,Choniki in the Land of Mirrors,Kagami no Kuni no Choniki,17
850,85,A Ray of Light,Hitosuji no Hikari,17
851,85,Moist Cigarette,Shikemoku,17
852,85,Germa's Failure,Jeruma no Shippaisaku,17
853,85,Not Here,Koko ja ne,17
854,85,What Are You Doing?,Nani Yattenda,17
855,85,Gugyurururu!!!,Gugyurururu!!!,17
856,85,Liar,Usotsuki,17
857,85,Rook,Ruku,17
858,85,Meeting,Kaigi,19
859,86,Emperor Assassination Plan,Yonko Ansatsu Sakusen,17
860,86,10:00 Opening of the Banquet,Ju-ji Kaien,17
861,86,Good Actor,Engi-ha,17
862,86,The Intelligent Ones,Zuno-ha,17
863,86,The Honorable,Gikyo-ha,19
864,86,The Vinsmoke Massacre Plot,Vinsumoku-ke Minagoroshi Keikaku,17
865,86,Hey- Mother,Ne Maza,17
866,86,Natural Born Destroyer,Nachuraru Bon Desutoroiya,17
867,86,Happy Birthday,Happi Basude,17
868,86,KX Launcher,Ke-Ekkusu Rancha,17
869,86,Under Siege,Rojo,19
870,87,Parting,Ketsubetsu,17
871,87,You Can Do It- Caesar!!,Ganbare Shiza!!,17
872,87,Thick and Fluffy,Torofuwa,19
873,87,Trapped Like Sweets in a Cage,Happo Fusa-gashi,17
874,87,Be My Servant,Watashi no Shimobe ni Narinasai,19
875,87,A Woman's Honor,Onna no Jingi,17
876,87,Pudding Coincidentally Appears!!,Purin- Guzen Arawaru!!,17
877,87,Not Sweet,Amakunai,17
878,87,Captain Pedro of the Mink Tribe Guardians,Minku-zoku Gadianzu Dancho Pedoro,19
879,87,"One of Big Mom's ""3 Sweet Commanders""- Katakuri","Biggu Mamu ""Suito San Shosei"" Katakuri",17
880,88,Zero Escape,Tairo Zero,17
881,88,Wave Room,Nami no Heya,17
882,88,Beyond the Emperor's Expectations,Yonko no Sotei-gai,17
883,88,Merienda,Merienda,17
884,88,Who Is That?,Dare da,17
885,88,It's Brulée!!!,Buryure dayo!!!,17
886,88,Way of Life,Ikizama dechu yo,19
887,88,Somewhere Someone is Wishing for Your Happiness,Dokoka de Dareka ga Kimi no Shiawase o Negatteru,17
888,88,Lion,Shishi,17
889,88,Unfamiliar Mama,Michi no Mama,17
890,89,Big Mom on the Ship,Fune no Ue no Biggu Mamu,19
891,89,They Believe in Me,Shinjirareteru,17
892,89,Recognized as Strong Opponents,Kyoteki Nintei,17
893,89,Flampe- 36th Daughter of Charlotte,Sharotto-ke Sanjuroku-jo Furanpe,17
894,89,12:05,Rei-ji Go-fun,17
895,89,Luffy the Pirate vs. Commander Katakuri,Kaizoku Rufi Basasu Shosei Katakuri,17
896,89,The Last Request,Saigo no Onegai,17
897,89,Pekoms' Cacao Island Escape Plan,Pekomuzu no Kakao-to Dasshutsu Sakusen,17
898,89,We'll Definitely Return,Kanarazu Modoru,17
899,89,The Final Fortress,Saigo no Toride,17
900,89,Bad End Musical,Baddoendo Myujikaru,19
901,90,Even If You Die- Don't Die!!!,Shindemo Shinunayo!!!,17
902,90,End Roll,Endo Roru,19
903,90,Fifth Emperor,Go-banme no Kotei,17
904,90,Introducing the Revolutionary Army Commanders,Kakumei-gun Zengun Taicho Tojo,15
905,90,A Beautiful World,Utsukushii Sekai,17
906,90,The Holy Land Mary Geoise,Seichi Marijoa,17
907,90,The Empty Throne,Kara no Gyokuza,17
908,90,The Levely Begins,Reveri Kaimaku,17
909,90,Seppuku,Seppuku,17
910,90,Onward to Wano Country,Iza Wano Kuni e,17
911,91,Adventure in the Land of Samurai,Samurai no Kuni no Boken,19
912,91,Amigasa Village,Amigasa-mura,19
913,91,Tsuru Returns the Favor,Tsuru no Ongaeshi,17
914,91,Okobore Town,Okobore-cho,17
915,91,Bakura Town,Bakura-cho,17
916,91,Wano Country Grand Sumo Tournament,Wano Kuni Ozumo,19
917,91,The Treasure Ship of Provisions,Shokuryo Takarabune,17
918,91,Luffy-tarou Returns the Favor,Rufitaro no Ongaeshi,17
919,91,The Ruins of Oden Castle,Oden-jo Ato,17
920,91,I Love Oden,Oden ga Suki,17
921,91,Shutenmaru,Shutenmaru,19
922,92,Governor-General Kaidou of the Beasts Pirates,Hyakuju Kaizokudan Sotoku Kaido,17
923,92,Emperor of the Sea Kaidou vs. Luffy,Yonko Kaido Basasu Rufi,17
924,92,Ha,Ha,15
925,92,Blank,Buranku,17
926,92,The Prisoner Mine,Shujin Saikutsujo,17
927,92,O-Toko the Kamuro,Kamuro no O-Toko,15
928,92,Introducing Komurasaki the Oiran,Oiran Komurasaki Tojo,17
929,92,Shogun of Wano Country- Kurozumi Orochi,Wano Kuni Shogun - Kurozumi Orochi,18
930,92,Ebisu Town,Ebisu-cho,17
931,92,O-Soba Mask,O-Soba Masuku,17
932,93,Shogun and Oiran,Shogun to Oiran,17
933,93,A Warrior's Mercy,Bushi no Nasake,17
934,93,Hyogoro of the Flower,Hana no Hyogoro,15
935,93,Queen,Kuin,17
936,93,The Grand Sumo Inferno,Ozumo Inferuno,17
937,93,Gyukimaru on Oihagi Bridge,Oihagi-bashi no Gyukimaru,17
938,93,A Woman's Secret,On'na no Himitsu,13
939,93,The Old Leopard Never Forgets the Way,Oitaru Hyo wa Michi o Wasurezu,17
940,93,Sparks of Rebellion,Hangyaku no Hidane,17
941,93,The Star of Ebisu Town,Ebisu-cho no Ninkimono,17
942,93,Daimyo of Hakumai- Shimotsuki Yasuie,"""Hakumai Daimyo"" Shimotsuki Yasuie",17
943,94,SMILE,Sumairu,17
944,94,Partner,Aibo,17
945,94,O-Lin,O-Rin,19
946,94,Queen vs. O-Lin,Kuin Basasu O-Rin,17
947,94,Queen's Gamble,Kuin no Kake,17
948,94,Introducing Kawamatsu the Kappa,"""Kappa no Kawamatsu"" Tojo",17
949,94,Mummy,Miira,19
950,94,A Soldier's Dream,Tsuwamono-domo ga Yume,17
951,94,Rampage,Ranpeiji,19
952,94,Hiyori and Kawamatsu,Hiyori to Kawamatsu,17
953,94,Once a Fox,Ichido Gitsune,17
954,95,Like Giving Wings to a Dragon,Ryu ni Tsubasa o Etaru Gotoshi,15
955,95,Enma,Enma,17
956,95,Big News,Biggu Nyusu,17
957,95,Ultimate,Arutimetto,19
958,95,The Promised Port,Yakusoku no Minato,15
959,95,Samurai,Samurai,17
960,95,Introducing Kozuki Oden,Kozuki Oden Tojo,17
961,95,The Mountain God Incident,Yama no Kami Jiken,17
962,95,Daimyo and Retainers,Daimyo to Kashin,13
963,95,Becoming Samurai,Samurai ni Naru,17
964,95,Oden's Adventure,Oden no Boken,17
965,96,The Kurozumi Family's Plot,Kurozumi-ke no Inbo,17
966,96,Roger and Whitebeard,Roja to Shirohige,17
967,96,Roger's Adventure,Roja no Boken,19
968,96,Oden's Return,Oden no Kikan,17
969,96,Fool of a Lord,Baka-tono,17
970,96,Oden vs. Kaidou,Oden Basasu Kaido,17
971,96,Sentenced to Boil,Kamayude no Kei,17
972,96,I am Oden- And I Was Born to Boil,Niete Nanbo no Oden ni Soro,19
973,96,The Kozuki Clan,Kozuki no Ichizoku,17
974,96,Onward to Onigashima!!,Iza- Onigashima!!,17
975,97,Kin'emon's Clever Trick,Kin'emon no ikkei,17
976,97,Begging Your Pardon!!!,Ohikenasutte!!!,19
977,97,The Party's Off!!!,Utage wa Yame da!!!,17
978,97,Introducing the Tobiroppo,Tobi Roppo Tojo,17
979,97,Family Problem,Kazoku Mondai,17
980,97,Fighting Music,Tatakau Myujikku,17
981,97,Joining the Fight,Sansen,19
982,97,Scoundrel Meets Scoundrel,Bureimono Mitsu Bureimono,17
983,97,Thunder,Raimei,17
984,97,My Bible,Boku no Baiburu,17
985,98,New Onigashima Project,Shin Onigashima Keikaku,19
986,98,My Name,Sessha no Namae,17
987,98,The Brocade of Loyal Retainers,Chushin-nishiki,19
988,98,Sorry for the Wait,Matasetana,15
989,98,I Can't Imagine Losing,Makeru Ki ga Shine,17
990,98,Army of One,Kogun,17
991,98,Let Us Die!!!,Shinasetekure!!!,17
992,98,Remnants,Zanto,19
993,98,The Dream of Wano Country,Wano Kuni no Yume,17
994,98,My Other Name is Yamato,Mata no Na wa Yamato,17
995,99,A Kunoichi's Oath,Kunoichi no Chikai,17
996,99,Island of the Strongest,Saikyo ga Iru Shima,17
997,99,Flame Clouds,Homura-gumo,17
998,99,Ancient Types,Kodai-shu,17
999,99,The Sake I Brewed to Drink With You,Kimi ga Tame Kamishi Machizake,19
1000,99,Straw Hat Luffy,Mugiwara no Rufi,19
1001,99,Battle of Monsters on Onigashima,Onigashima Kaibutsu Kessen,17
1002,99,Four Emperors vs. New Generation,Yonko Basasu Shin Sedai,17
1003,99,Night on the Board,Banjo no Yoru,17
1004,99,Kibi Dango,Kibi Dango,17
1005,100,Devil Child,Akuma no Ko,17
1006,100,The Honorable Hyogoro of the Flower,"Kyokaku ""Hana no Hyogoro""",19
1007,100,Tanuki-san,Tanuki-san,17
1008,100,Leader of the Mt. Atama Thieves- Ashura Doji,Atama-yama Tozoku-dan Toryo Ashura Doji,17
1009,100,Naraku,Naraku,19
1010,100,Haoshoku,Hao-shoku,17
1011,100,The Code of Anko,Anko no Jingi,19
